-- psql login
-- psql -h localhost -d postgres

-- table作成
CREATE TABLE menu
(
    id    smallserial  NOT NULL,
    title varchar(255) NOT NULL,
    PRIMARY KEY (id)
);
CREATE TABLE ingredient
(
    ingredient_id serial       NOT NULL,
    FOREIGN KEY (id) REFERENCES menu (id),
    id            smallint     NOT NULL,
    item          varchar(255) NOT NULL,
    quantity      real         NOT NULL,
    scale         varchar(255) NOT NULL,
    PRIMARY KEY (ingredient_id)
);
CREATE TABLE seasoning
(
    seasoning_id serial       NOT NULL,
    FOREIGN KEY (id) REFERENCES menu (id),
    id           smallint     NOT NULL,
    item         varchar(255) NOT NULL,
    quantity     real         NOT NULL,
    scale        varchar(255) NOT NULL,
    PRIMARY KEY (seasoning_id)
);

-- data注入
INSERT INTO menu (id, title)
values (1, '鶏のから揚げ'),
       (2, '鶏胸肉のうま酢煮'),
       (3, '肉じゃが'),
       (4, 'チャプチェ'),
       (5, 'すき煮風'),
       (6, '鶏肉のトマト煮込み'),
       (7, '豚バラと白菜の重ね鍋'),
       (8, '冷やしぶっかけうどん'),
       (9, '夏野菜のスピードキーマカレー'),
       (10, 'お肉ふわふわ！冷しゃぶ');

INSERT INTO ingredient (ingredient_id, id, item, quantity, scale)
values (1, 1, '鶏もも肉・または鶏ももから揚げ用肉', 1, '枚'),
       (2, 2, '鶏むね肉', 300, 'g'),
       (3, 2, 'キャベツのせん切り', 0.25, '個'),
       (4, 3, '牛こま切れ肉', 150, 'g'),
       (5, 3, '玉ねぎ', 1, '個'),
       (6, 3, 'にんじん', 1, '本'),
       (7, 3, 'じゃがいも', 3, '個'),
       (8, 4, '春雨（乾）', 100, 'g'),
       (9, 4, '牛切り落とし肉', 150, 'g'),
       (10, 4, '玉ねぎ', 0.5, '個'),
       (11, 4, 'にんじん', 0.25, '本'),
       (12, 4, 'ピーマン', 2, '個'),
       (13, 4, 'ねぎのみじん切り', 1, '本'),
       (14, 5, '牛薄切り肉', 150, 'g'),
       (15, 5, '木綿豆腐', 80, 'g'),
       (16, 5, 'しらたき', 1, '袋'),
       (17, 5, '玉ねぎ', 0.75, '個'),
       (18, 6, '鶏もも肉', 2, '枚'),
       (19, 6, '玉ねぎ', 1, '個'),
       (20, 6, 'ピーマン', 4, '個'),
       (21, 6, 'にんにくのみじん切り', 1, 'かけ分'),
       (22, 6, 'ホールトマト缶', 1, '缶'),
       (23, 6, '「味の素KKコンソメ」固形タイプ', 1, '個'),
       (24, 7, '豚バラ薄切り肉', 300, 'g'),
       (25, 7, '白菜', 0.5, '株'),
       (26, 7, '白髪ねぎ', 1, '本'),
       (27, 7, '小ねぎの小口切り', 3, '本'),
       (28, 7, 'しょうがのせん切り', 0.25, 'かけ分'),
       (29, 8, 'うどん', 2, '玉'),
       (30, 8, '温泉卵', 2, '個'),
       (31, 8, '大根', 5, 'cm'),
       (32, 8, 'きゅうり', 0.5, '本'),
       (33, 8, '干しわかめ', 3, 'g'),
       (34, 9, '合いびき肉', 200, 'g'),
       (35, 9, '玉ねぎのみじん切り', 1, '個'),
       (36, 9, 'エリンギ・大', 1, '本'),
       (37, 9, 'トマト', 2, '個'),
       (38, 9, 'カレールウ', 0.5, '箱'),
       (39, 9, 'ご飯', 440, 'g'),
       (40, 9, 'オクラ（ゆで）・好みで', 6, '本'),
       (41, 10, '豚しゃぶしゃぶ用肉', 240, 'g'),
       (42, 10, 'レタス', 2, '枚'),
       (43, 10, 'ミニトマト', 3, '個'),
       (44, 10, 'ねぎのみじん切り', 20, 'g');

INSERT INTO seasoning (seasoning_id, id, item, quantity, scale)
values (1, 1, '「丸鶏がらスープ」', 5, 'ml'),
       (2, 1, '酒', 10, 'ml'),
       (3, 1, 'しょうがのすりおろし', 5, 'ml'),
       (4, 1, 'しょうゆ', 5, 'ml'),
       (5, 1, 'こしょう', 1, '少々'),
       (6, 1, '薄力粉', 45, 'ml'),
       (7, 1, '片栗粉', 15, 'ml'),
       (8, 1, '「AJINOMOTO サラダ油」', 1, '適量'),
       (9, 2, '酒', 15, 'ml'),
       (10, 2, '薄力粉', 30, 'ml'),
       (11, 2, 'しょうゆ', 22.5, 'ml'),
       (12, 2, 'みりん', 22.5, 'ml'),
       (13, 2, '砂糖', 22.5, 'ml'),
       (14, 2, '酢', 22.5, 'ml'),
       (15, 2, '酒', 7.5, 'ml'),
       (16, 2, '「ほんだし」', 5, 'ml'),
       (17, 2, '「AJINOMOTO サラダ油」', 15, 'ml'),
       (18, 2, '「ピュアセレクト マヨネーズ」・好みで', 1, '適量'),
       (19, 3, '水', 400, 'ml'),
       (20, 3, '酒', 30, 'ml'),
       (21, 3, '「ほんだし」', 5, 'ml'),
       (22, 3, '砂糖', 15, 'ml'),
       (23, 3, 'みりん', 15, 'ml'),
       (24, 3, 'しょうゆ', 30, 'ml'),
       (25, 3, 'さやいんげん（ゆで）', 1, '適量'),
       (26, 3, '「AJINOMOTO サラダ油」', 15, 'ml'),
       (27, 4, 'しょうがのすりおろし', 10, 'ml'),
       (28, 4, 'にんにくのすりおろし', 10, 'ml'),
       (29, 4, 'しょうゆ', 60, 'ml'),
       (30, 4, '砂糖', 45, 'ml'),
       (31, 4, 'すり白ごま', 30, 'ml'),
       (32, 4, '「AJINOMOTO ごま油好きの純正ごま油」', 15, 'ml'),
       (33, 4, '「Cook Do」コチュジャン', 10, 'ml'),
       (34, 4, '「AJINOMOTO ごま油好きの純正ごま油」', 30, 'ml'),
       (35, 5, '砂糖', 15, 'ml'),
       (36, 5, '水', 50, 'ml'),
       (37, 5, '酒', 30, 'ml'),
       (38, 5, 'しょうゆ', 15, 'ml'),
       (39, 5, 'みりん', 15, 'ml'),
       (40, 5, '「ほんだし」', 5, 'ml'),
       (41, 5, '「AJINOMOTO サラダ油」', 5, 'ml'),
       (42, 6, '「瀬戸のほんじお」', 1, '少々'),
       (43, 6, 'こしょう', 1, '少々'),
       (44, 6, '赤ワイン', 30, 'ml'),
       (45, 6, '水', 100, 'ml'),
       (46, 6, '砂糖', 5, 'ml'),
       (47, 6, '「瀬戸のほんじお」', 1, '適量'),
       (48, 6, 'こしょう', 1, '適量'),
       (49, 6, '「AJINOMOTO オリーブオイル」', 20, 'ml'),
       (50, 7, '「ほんだし」', 30, 'ml'),
       (51, 7, '水', 1200, 'ml'),
       (52, 7, 'しょうゆ', 30, 'ml'),
       (53, 7, '「瀬戸のほんじお」', 2.5, 'ml'),
       (54, 8, '水', 200, 'ml'),
       (55, 8, 'しょうゆ', 45, 'ml'),
       (56, 8, 'みりん', 22.5, 'ml'),
       (57, 8, '「ほんだし」', 2.5, 'ml'),
       (58, 8, 'いり白ごま', 1, '適量'),
       (59, 8, 'ねぎの小口切り・好みで', 1, '適量'),
       (60, 8, '揚げ玉・好みで', 30, 'ml'),
       (61, 9, '水', 300, 'ml'),
       (62, 9, '「味の素KKコンソメ」顆粒タイプ', 10, 'ml'),
       (63, 9, '「AJINOMOTO サラダ油」', 15, 'ml'),
       (64, 10, '「お肉やわらかの素」', 2.5, 'ml'),
       (65, 10, '貝割れ菜', 1, '適量'),
       (66, 10, 'しょうがのすりおろし', 2.5, 'ml'),
       (67, 10, 'しょうゆ', 45, 'ml'),
       (68, 10, '酢', 15, 'ml'),
       (69, 10, '「AJINOMOTO ごま油好きの純正ごま油」', 15, 'ml'),
       (70, 10, '砂糖', 7.5, 'ml'),
       (71, 10, '「ほんだし」', 5, 'ml');

-- data確認
SELECT *
FROM menu;
SELECT *
FROM ingredient;
SELECT *
FROM seasoning;

-- table削除
DROP TABLE menu;
DROP TABLE ingredient;
DROP TABLE seasoning;